58891288_0_1117541047012405958.csv~Col1,http://www.w3.org/2000/01/rdf-schema#label,true
58891288_0_1117541047012405958.csv~Col2,http://dbpedia.org/ontology/releaseDate,true
58891288_0_1117541047012405958.csv~Col3,http://dbpedia.org/ontology/director,true
53583534_0_503521622577229691.csv~Col1,http://www.w3.org/2000/01/rdf-schema#label,true
53583534_0_503521622577229691.csv~Col2,http://dbpedia.org/ontology/location,true
53583534_0_503521622577229691.csv~Col3,http://dbpedia.org/ontology/floorCount,true
39173938_0_7916056990138658530.csv~Col1,http://www.w3.org/2000/01/rdf-schema#label,true
39173938_0_7916056990138658530.csv~Col2,http://dbpedia.org/ontology/releaseDate,true
39173938_0_7916056990138658530.csv~Col3,http://dbpedia.org/ontology/director,true
37541068_1_1156932518917623732.csv~Col1,http://www.w3.org/2000/01/rdf-schema#label,true
37541068_1_1156932518917623732.csv~Col3,http://dbpedia.org/ontology/activeYearsStartDate,true
37541068_1_1156932518917623732.csv~Col4,http://dbpedia.org/ontology/activeYearsEndDate,true
28154036_0_909001972154294543.csv~Col0,http://www.w3.org/2000/01/rdf-schema#label,true
77632062_0_2292892375652659825.csv~Col2,http://dbpedia.org/ontology/country,true
77632062_0_2292892375652659825.csv~Col4,http://dbpedia.org/ontology/populationMetro,true
77632062_0_2292892375652659825.csv~Col3,http://dbpedia.org/ontology/populationTotal,true
77632062_0_2292892375652659825.csv~Col1,http://www.w3.org/2000/01/rdf-schema#label,true
77632062_0_2292892375652659825.csv~Col5,http://dbpedia.org/ontology/mayor,true
10579449_0_1681126353774891032.csv~Col1,http://www.w3.org/2000/01/rdf-schema#label,true
90325533_0_6668263142989366843.csv~Col0,http://www.w3.org/2000/01/rdf-schema#label,true
90325533_0_6668263142989366843.csv~Col2,http://dbpedia.org/ontology/location,true
30166286_0_1837439231599898748.csv~Col2,http://www.w3.org/2000/01/rdf-schema#label,true
84675086_0_6386416780680710863.csv~Col0,http://www.w3.org/2000/01/rdf-schema#label,true
84675086_0_6386416780680710863.csv~Col3,http://dbpedia.org/ontology/conservationStatus,true
84675086_0_6386416780680710863.csv~Col1,http://dbpedia.org/ontology/genus,true
33401079_0_9127583903019856402.csv~Col0,http://www.w3.org/2000/01/rdf-schema#label,true
21362676_0_6854186738074119688.csv~Col3,http://dbpedia.org/ontology/director,true
21362676_0_6854186738074119688.csv~Col1,http://www.w3.org/2000/01/rdf-schema#label,true
21362676_0_6854186738074119688.csv~Col2,http://dbpedia.org/ontology/releaseDate,true
38428277_0_1311643810102462607.csv~Col3,http://dbpedia.org/ontology/director,true
38428277_0_1311643810102462607.csv~Col1,http://www.w3.org/2000/01/rdf-schema#label,true
38428277_0_1311643810102462607.csv~Col2,http://dbpedia.org/ontology/releaseDate,true
68442591_0_8506821153001360777.csv~Col1,http://dbpedia.org/ontology/owner,true
68442591_0_8506821153001360777.csv~Col0,http://www.w3.org/2000/01/rdf-schema#label,true
66329615_0_3585856495110277641.csv~Col2,http://dbpedia.org/ontology/computingPlatform,true
66329615_0_3585856495110277641.csv~Col3,http://dbpedia.org/ontology/manufacturer,true
66329615_0_3585856495110277641.csv~Col1,http://www.w3.org/2000/01/rdf-schema#label,true
66329615_0_3585856495110277641.csv~Col0,http://dbpedia.org/ontology/releaseDate,true
33167985_0_5220049369716352813.csv~Col1,http://dbpedia.org/ontology/type,true
33167985_0_5220049369716352813.csv~Col7,http://dbpedia.org/ontology/description,true
33167985_0_5220049369716352813.csv~Col6,http://dbpedia.org/ontology/water,true
33167985_0_5220049369716352813.csv~Col3,http://dbpedia.org/ontology/child,true
33167985_0_5220049369716352813.csv~Col0,http://www.w3.org/2000/01/rdf-schema#label,true
33167985_0_5220049369716352813.csv~Col4,http://dbpedia.org/ontology/movement,true
33167985_0_5220049369716352813.csv~Col5,http://dbpedia.org/ontology/range,true
57943722_0_8666078014685775876.csv~Col1,http://dbpedia.org/ontology/capital,true
57943722_0_8666078014685775876.csv~Col0,http://www.w3.org/2000/01/rdf-schema#label,true
28494901_6_7026744149694237309.csv~Col0,http://www.w3.org/2000/01/rdf-schema#label,true
68779923_5_2067037721454758189.csv~Col2,http://dbpedia.org/ontology/formerName,true
68779923_5_2067037721454758189.csv~Col1,http://dbpedia.org/ontology/foundingYear,true
68779923_5_2067037721454758189.csv~Col4,http://dbpedia.org/ontology/governmentType,true
68779923_5_2067037721454758189.csv~Col3,http://dbpedia.org/ontology/capital,true
68779923_5_2067037721454758189.csv~Col0,http://www.w3.org/2000/01/rdf-schema#label,true
68779923_5_2067037721454758189.csv~Col5,http://dbpedia.org/ontology/language,true
61069974_0_1894536874590565102.csv~Col0,http://www.w3.org/2000/01/rdf-schema#label,true
61069974_0_1894536874590565102.csv~Col2,http://dbpedia.org/ontology/currencyCode,true
61069974_0_1894536874590565102.csv~Col1,http://dbpedia.org/ontology/currency,true
91959037_0_7907661684242014480.csv~Col2,http://dbpedia.org/ontology/computingPlatform,true
91959037_0_7907661684242014480.csv~Col1,http://www.w3.org/2000/01/rdf-schema#label,true
21337553_0_8832378999628437599.csv~Col2,http://dbpedia.org/ontology/elevation,true
21337553_0_8832378999628437599.csv~Col3,http://dbpedia.org/ontology/locatedInArea,true
21337553_0_8832378999628437599.csv~Col1,http://www.w3.org/2000/01/rdf-schema#label,true
8009320_0_5507755752653817624.csv~Col3,http://dbpedia.org/ontology/populationTotal,true
8009320_0_5507755752653817624.csv~Col2,http://dbpedia.org/ontology/PopulatedPlace/areaTotal,true
8009320_0_5507755752653817624.csv~Col0,http://www.w3.org/2000/01/rdf-schema#label,true
8009320_0_5507755752653817624.csv~Col1,http://dbpedia.org/ontology/GeopoliticalOrganisation/populationDensity,true
48805028_0_8933391169600128370.csv~Col0,http://www.w3.org/2000/01/rdf-schema#label,true
86297395_0_6919201319699354263.csv~Col0,http://www.w3.org/2000/01/rdf-schema#label,true
86297395_0_6919201319699354263.csv~Col1,http://dbpedia.org/ontology/PopulatedPlace/area,true
86297395_0_6919201319699354263.csv~Col2,http://dbpedia.org/ontology/grossDomesticProduct,true
86297395_0_6919201319699354263.csv~Col4,http://dbpedia.org/ontology/populationTotal,true
86297395_0_6919201319699354263.csv~Col3,http://dbpedia.org/ontology/grossDomesticProduct,true
86297395_0_6919201319699354263.csv~Col5,http://dbpedia.org/ontology/governmentType,true
79966524_0_1484492112455633784.csv~Col3,http://dbpedia.org/ontology/origin,true
79966524_0_1484492112455633784.csv~Col2,http://dbpedia.org/ontology/class,true
79966524_0_1484492112455633784.csv~Col0,http://www.w3.org/2000/01/rdf-schema#label,true
20135078_0_7570343137119682530.csv~Col3,http://dbpedia.org/ontology/director,true
20135078_0_7570343137119682530.csv~Col2,http://dbpedia.org/ontology/releaseDate,true
20135078_0_7570343137119682530.csv~Col1,http://www.w3.org/2000/01/rdf-schema#label,true
36102169_0_7739454799295072814.csv~Col1,http://dbpedia.org/ontology/developer,true
36102169_0_7739454799295072814.csv~Col3,http://dbpedia.org/ontology/number,true
36102169_0_7739454799295072814.csv~Col0,http://dbpedia.org/ontology/computingPlatform,true
36102169_0_7739454799295072814.csv~Col2,http://www.w3.org/2000/01/rdf-schema#label,true
71137051_0_8039724067857124984.csv~Col0,http://www.w3.org/2000/01/rdf-schema#label,true
41819807_0_3139249984404131679.csv~Col2,http://dbpedia.org/ontology/areaTotal,true
41819807_0_3139249984404131679.csv~Col0,http://www.w3.org/2000/01/rdf-schema#label,true
41819807_0_3139249984404131679.csv~Col1,http://dbpedia.org/ontology/location,true
41648740_0_6959523681065295632.csv~Col1,http://dbpedia.org/ontology/currencyCode,true
41648740_0_6959523681065295632.csv~Col0,http://www.w3.org/2000/01/rdf-schema#label,true
61753761_9_4735181228515289890.csv~Col2,http://dbpedia.org/ontology/location,true
61753761_9_4735181228515289890.csv~Col1,http://www.w3.org/2000/01/rdf-schema#label,true
35188621_0_6058553107571275232.csv~Col2,http://dbpedia.org/ontology/releaseDate,true
35188621_0_6058553107571275232.csv~Col3,http://dbpedia.org/ontology/director,true
35188621_0_6058553107571275232.csv~Col1,http://www.w3.org/2000/01/rdf-schema#label,true
29021592_3_2299138476894681059.csv~Col2,http://dbpedia.org/ontology/alias,true
29021592_3_2299138476894681059.csv~Col0,http://www.w3.org/2000/01/rdf-schema#label,true
74718406_0_3914457597478137388.csv~Col2,http://dbpedia.org/ontology/city,true
74718406_0_3914457597478137388.csv~Col0,http://dbpedia.org/ontology/iataLocationIdentifier,true
74718406_0_3914457597478137388.csv~Col1,http://www.w3.org/2000/01/rdf-schema#label,true
69381058_0_984708047398578866.csv~Col2,http://dbpedia.org/ontology/locatedInArea,true
69381058_0_984708047398578866.csv~Col1,http://dbpedia.org/ontology/elevation,true
69381058_0_984708047398578866.csv~Col0,http://www.w3.org/2000/01/rdf-schema#label,true
69381058_0_984708047398578866.csv~Col3,http://dbpedia.org/ontology/continent,true
90723763_0_874013697986950454.csv~Col2,http://dbpedia.org/ontology/industry,true
90723763_0_874013697986950454.csv~Col1,http://www.w3.org/2000/01/rdf-schema#label,true
70515524_0_5425995199745290007.csv~Col1,http://dbpedia.org/ontology/alias,true
70515524_0_5425995199745290007.csv~Col0,http://www.w3.org/2000/01/rdf-schema#label,true
12183399_0_6725061928072492226.csv~Col0,http://www.w3.org/2000/01/rdf-schema#label,true
12183399_0_6725061928072492226.csv~Col3,http://dbpedia.org/ontology/currency,true
12183399_0_6725061928072492226.csv~Col2,http://dbpedia.org/ontology/iso31661Code,true
12183399_0_6725061928072492226.csv~Col1,http://dbpedia.org/ontology/iso31661Code,true
12183399_0_6725061928072492226.csv~Col4,http://dbpedia.org/ontology/currencyCode,true
54719588_0_8417197176086756912.csv~Col4,http://dbpedia.org/ontology/country,true
54719588_0_8417197176086756912.csv~Col6,http://dbpedia.org/ontology/releaseDate,true
54719588_0_8417197176086756912.csv~Col5,http://dbpedia.org/ontology/director,true
54719588_0_8417197176086756912.csv~Col3,http://www.w3.org/2000/01/rdf-schema#label,true
61121469_0_6337620713408906340.csv~Col1,http://dbpedia.org/ontology/capital,true
61121469_0_6337620713408906340.csv~Col0,http://www.w3.org/2000/01/rdf-schema#label,true
1614988_0_8789868670151796042.csv~Col2,http://dbpedia.org/ontology/birthDate,true
1614988_0_8789868670151796042.csv~Col3,http://dbpedia.org/ontology/deathDate,true
1614988_0_8789868670151796042.csv~Col0,http://www.w3.org/2000/01/rdf-schema#label,true
21245481_0_8730460088443117515.csv~Col0,http://dbpedia.org/ontology/location,true
21245481_0_8730460088443117515.csv~Col1,http://www.w3.org/2000/01/rdf-schema#label,true
30645756_0_2413317245475669227.csv~Col0,http://www.w3.org/2000/01/rdf-schema#label,true
39759273_0_1427898308030295194.csv~Col2,http://dbpedia.org/ontology/releaseDate,true
39759273_0_1427898308030295194.csv~Col1,http://www.w3.org/2000/01/rdf-schema#label,true
39759273_0_1427898308030295194.csv~Col4,http://dbpedia.org/ontology/rating,true
39759273_0_1427898308030295194.csv~Col3,http://dbpedia.org/ontology/director,true
71840765_0_6664391841933033844.csv~Col2,http://dbpedia.org/ontology/elevation,true
71840765_0_6664391841933033844.csv~Col0,http://www.w3.org/2000/01/rdf-schema#label,true
44206774_0_3810538885942465703.csv~Col1,http://www.w3.org/2000/01/rdf-schema#label,true
45073662_0_3179937335063201739.csv~Col1,http://www.w3.org/2000/01/rdf-schema#label,true
24850757_0_5978004733768297283.csv~Col0,http://www.w3.org/2000/01/rdf-schema#label,true
24850757_0_5978004733768297283.csv~Col1,http://dbpedia.org/ontology/populationTotal,true
4730513_0_8573199053866072336.csv~Col1,http://www.w3.org/2000/01/rdf-schema#label,true
73988811_0_2775758476756716904.csv~Col1,http://dbpedia.org/ontology/director,true
73988811_0_2775758476756716904.csv~Col0,http://www.w3.org/2000/01/rdf-schema#label,true
73988811_0_2775758476756716904.csv~Col2,http://dbpedia.org/ontology/releaseDate,true
34899692_0_6530393048033763438.csv~Col1,http://dbpedia.org/ontology/currency,true
34899692_0_6530393048033763438.csv~Col0,http://www.w3.org/2000/01/rdf-schema#label,true
8468806_0_4382447409703007384.csv~Col1,http://www.w3.org/2000/01/rdf-schema#label,true
8468806_0_4382447409703007384.csv~Col4,http://dbpedia.org/ontology/length,true
8468806_0_4382447409703007384.csv~Col5,http://dbpedia.org/ontology/depth,true
8468806_0_4382447409703007384.csv~Col6,http://dbpedia.org/ontology/Lake/volume,true
8468806_0_4382447409703007384.csv~Col2,http://dbpedia.org/ontology/country,true
8468806_0_4382447409703007384.csv~Col3,http://dbpedia.org/ontology/areaTotal,true
21333456_2_1886495893795687264.csv~Col0,http://www.w3.org/2000/01/rdf-schema#label,true
88523363_0_8180214313099580515.csv~Col0,http://www.w3.org/2000/01/rdf-schema#label,true
88523363_0_8180214313099580515.csv~Col2,http://dbpedia.org/ontology/family,true
49087820_0_461228320225084868.csv~Col2,http://dbpedia.org/ontology/currencyCode,true
49087820_0_461228320225084868.csv~Col5,http://dbpedia.org/ontology/subdivision,true
49087820_0_461228320225084868.csv~Col0,http://www.w3.org/2000/01/rdf-schema#label,true
49087820_0_461228320225084868.csv~Col1,http://dbpedia.org/ontology/currency,true
55238374_0_3379409961751009152.csv~Col1,http://dbpedia.org/ontology/capital,true
55238374_0_3379409961751009152.csv~Col0,http://www.w3.org/2000/01/rdf-schema#label,true
29414811_13_8724394428539174350.csv~Col2,http://dbpedia.org/ontology/genre,true
29414811_13_8724394428539174350.csv~Col3,http://dbpedia.org/ontology/computingPlatform,true
29414811_13_8724394428539174350.csv~Col1,http://www.w3.org/2000/01/rdf-schema#label,true
29414811_13_8724394428539174350.csv~Col4,http://dbpedia.org/ontology/developer,true
29414811_13_8724394428539174350.csv~Col0,http://dbpedia.org/ontology/year,true
5972322_0_3150366936082777235.csv~Col0,http://www.w3.org/2000/01/rdf-schema#label,true
79327346_0_5787863739697336601.csv~Col1,http://www.w3.org/2000/01/rdf-schema#label,true
79327346_0_5787863739697336601.csv~Col2,http://dbpedia.org/ontology/capital,true
21329809_0_5526008408364682899.csv~Col1,http://www.w3.org/2000/01/rdf-schema#label,true
21329809_0_5526008408364682899.csv~Col5,http://dbpedia.org/ontology/mayor,true
21329809_0_5526008408364682899.csv~Col2,http://dbpedia.org/ontology/country,true
21329809_0_5526008408364682899.csv~Col4,http://dbpedia.org/ontology/populationMetro,true
21329809_0_5526008408364682899.csv~Col3,http://dbpedia.org/ontology/populationTotal,true
6869358_0_1379459120563510331.csv~Col2,http://dbpedia.org/ontology/releaseDate,true
6869358_0_1379459120563510331.csv~Col3,http://dbpedia.org/ontology/author,true
6869358_0_1379459120563510331.csv~Col4,http://dbpedia.org/ontology/religion,true
6869358_0_1379459120563510331.csv~Col1,http://www.w3.org/2000/01/rdf-schema#label,true
68779923_4_1832350971585698643.csv~Col5,http://dbpedia.org/ontology/language,true
68779923_4_1832350971585698643.csv~Col4,http://dbpedia.org/ontology/governmentType,true
68779923_4_1832350971585698643.csv~Col3,http://dbpedia.org/ontology/capital,true
68779923_4_1832350971585698643.csv~Col2,http://dbpedia.org/ontology/formerName,true
68779923_4_1832350971585698643.csv~Col1,http://dbpedia.org/ontology/foundingYear,true
68779923_4_1832350971585698643.csv~Col0,http://www.w3.org/2000/01/rdf-schema#label,true
14311244_0_7604843865524657408.csv~Col2,http://dbpedia.org/ontology/mountainRange,true
14311244_0_7604843865524657408.csv~Col0,http://www.w3.org/2000/01/rdf-schema#label,true
14311244_0_7604843865524657408.csv~Col1,http://dbpedia.org/ontology/elevation,true
14311244_0_7604843865524657408.csv~Col3,http://dbpedia.org/ontology/firstAscentYear,true
28993628_1_6072768612274729703.csv~Col1,http://www.w3.org/2000/01/rdf-schema#label,true
44005578_0_5400481538370055338.csv~Col0,http://www.w3.org/2000/01/rdf-schema#label,true
52208141_2_5171684379987586712.csv~Col1,http://www.w3.org/2000/01/rdf-schema#label,true
52208141_2_5171684379987586712.csv~Col2,http://dbpedia.org/ontology/location,true
9686394_0_5980699488362107028.csv~Col1,http://www.w3.org/2000/01/rdf-schema#label,true
9686394_0_5980699488362107028.csv~Col0,http://dbpedia.org/ontology/iataLocationIdentifier,true
9686394_0_5980699488362107028.csv~Col2,http://dbpedia.org/ontology/city,true
12193237_0_8699643798888088574.csv~Col3,http://dbpedia.org/ontology/language,true
12193237_0_8699643798888088574.csv~Col2,http://dbpedia.org/ontology/currency,true
12193237_0_8699643798888088574.csv~Col1,http://dbpedia.org/ontology/capital,true
12193237_0_8699643798888088574.csv~Col0,http://www.w3.org/2000/01/rdf-schema#label,true
68779923_0_3859283110041832023.csv~Col5,http://dbpedia.org/ontology/language,true
68779923_0_3859283110041832023.csv~Col1,http://dbpedia.org/ontology/creationYear,true
68779923_0_3859283110041832023.csv~Col2,http://dbpedia.org/ontology/formerName,true
68779923_0_3859283110041832023.csv~Col4,http://dbpedia.org/ontology/governmentType,true
68779923_0_3859283110041832023.csv~Col0,http://www.w3.org/2000/01/rdf-schema#label,true
68779923_0_3859283110041832023.csv~Col3,http://dbpedia.org/ontology/capital,true
41336118_0_4331895026409635103.csv~Col1,http://dbpedia.org/ontology/collectionSize,true
41336118_0_4331895026409635103.csv~Col3,http://dbpedia.org/ontology/sales,true
41336118_0_4331895026409635103.csv~Col0,http://www.w3.org/2000/01/rdf-schema#label,true
41336118_0_4331895026409635103.csv~Col5,http://dbpedia.org/ontology/assets,true
41336118_0_4331895026409635103.csv~Col2,http://dbpedia.org/ontology/industry,true
93078729_0_1451251196788678526.csv~Col2,http://dbpedia.org/ontology/location,true
93078729_0_1451251196788678526.csv~Col0,http://www.w3.org/2000/01/rdf-schema#label,true
63389809_0_8179819543692215824.csv~Col0,http://www.w3.org/2000/01/rdf-schema#label,true
63389809_0_8179819543692215824.csv~Col1,http://dbpedia.org/ontology/industry,true
63389809_0_8179819543692215824.csv~Col2,http://dbpedia.org/ontology/collectionSize,true
80184932_0_4240003884724905487.csv~Col1,http://www.w3.org/2000/01/rdf-schema#label,true
80184932_0_4240003884724905487.csv~Col0,http://dbpedia.org/ontology/industry,true
12271141_0_8517913935669973086.csv~Col2,http://dbpedia.org/ontology/industry,true
12271141_0_8517913935669973086.csv~Col0,http://www.w3.org/2000/01/rdf-schema#label,true
12271141_0_8517913935669973086.csv~Col1,http://dbpedia.org/ontology/symbol,true
97941125_0_8220652154649529701.csv~Col2,http://dbpedia.org/ontology/currencyCode,true
97941125_0_8220652154649529701.csv~Col1,http://dbpedia.org/ontology/currency,true
97941125_0_8220652154649529701.csv~Col0,http://www.w3.org/2000/01/rdf-schema#label,true
97941125_0_8220652154649529701.csv~Col5,http://dbpedia.org/ontology/subdivision,true
45593932_0_6869375743660252130.csv~Col4,http://dbpedia.org/ontology/knownFor,true
45593932_0_6869375743660252130.csv~Col2,http://www.w3.org/2000/01/rdf-schema#label,true
99070098_0_2074872741302696997.csv~Col5,http://dbpedia.org/ontology/mountainRange,true
99070098_0_2074872741302696997.csv~Col1,http://www.w3.org/2000/01/rdf-schema#label,true
40844462_1_6230938203735169234.csv~Col2,http://dbpedia.org/ontology/releaseDate,true
40844462_1_6230938203735169234.csv~Col1,http://www.w3.org/2000/01/rdf-schema#label,true
40844462_1_6230938203735169234.csv~Col3,http://dbpedia.org/ontology/director,true
78650283_0_5937576517849452289.csv~Col1,http://dbpedia.org/ontology/currency,true
78650283_0_5937576517849452289.csv~Col0,http://www.w3.org/2000/01/rdf-schema#label,true
78650283_0_5937576517849452289.csv~Col2,http://dbpedia.org/ontology/currency,true
3887681_0_7938589465814037992.csv~Col5,http://dbpedia.org/ontology/location,true
3887681_0_7938589465814037992.csv~Col0,http://www.w3.org/2000/01/rdf-schema#label,true
3887681_0_7938589465814037992.csv~Col1,http://dbpedia.org/ontology/areaTotal,true
43237185_1_3636357855502246981.csv~Col3,http://dbpedia.org/ontology/doctoralAdvisor,true
43237185_1_3636357855502246981.csv~Col2,http://dbpedia.org/ontology/almaMater,true
43237185_1_3636357855502246981.csv~Col0,http://www.w3.org/2000/01/rdf-schema#label,true
78005071_0_8643954006825971723.csv~Col0,http://www.w3.org/2000/01/rdf-schema#label,true
3389822_6_374624044314151266.csv~Col1,http://www.w3.org/2000/01/rdf-schema#label,true
46671561_0_6122315295162029872.csv~Col0,http://www.w3.org/2000/01/rdf-schema#label,true
46671561_0_6122315295162029872.csv~Col1,http://dbpedia.org/ontology/genre,true
46671561_0_6122315295162029872.csv~Col3,http://dbpedia.org/ontology/releaseDate,true
46671561_0_6122315295162029872.csv~Col2,http://dbpedia.org/ontology/computingPlatform,true
3917335_0_7791699395300625164.csv~Col3,http://dbpedia.org/ontology/populationTotal,true
3917335_0_7791699395300625164.csv~Col2,http://dbpedia.org/ontology/PopulatedPlace/area,true
3917335_0_7791699395300625164.csv~Col0,http://www.w3.org/2000/01/rdf-schema#label,true
3917335_0_7791699395300625164.csv~Col1,http://dbpedia.org/ontology/capital,true
27466715_0_3913547177671701530.csv~Col2,http://dbpedia.org/ontology/developer,true
27466715_0_3913547177671701530.csv~Col3,http://dbpedia.org/ontology/publisher,true
27466715_0_3913547177671701530.csv~Col4,http://dbpedia.org/ontology/releaseDate,true
27466715_0_3913547177671701530.csv~Col7,http://dbpedia.org/ontology/genre,true
27466715_0_3913547177671701530.csv~Col5,http://dbpedia.org/ontology/numberOfPlayers,true
27466715_0_3913547177671701530.csv~Col0,http://www.w3.org/2000/01/rdf-schema#label,true
27466715_0_3913547177671701530.csv~Col1,http://dbpedia.org/ontology/year,true
91474256_0_964747655387573523.csv~Col3,http://dbpedia.org/ontology/populationTotal,true
91474256_0_964747655387573523.csv~Col5,http://dbpedia.org/ontology/mayor,true
91474256_0_964747655387573523.csv~Col4,http://dbpedia.org/ontology/populationMetro,true
91474256_0_964747655387573523.csv~Col2,http://dbpedia.org/ontology/country,true
91474256_0_964747655387573523.csv~Col1,http://www.w3.org/2000/01/rdf-schema#label,true
15700884_0_8204220284166767221.csv~Col1,http://dbpedia.org/ontology/industry,true
15700884_0_8204220284166767221.csv~Col0,http://www.w3.org/2000/01/rdf-schema#label,true
34041816_1_4749054164534706977.csv~Col3,http://dbpedia.org/ontology/iataLocationIdentifier,true
34041816_1_4749054164534706977.csv~Col2,http://dbpedia.org/ontology/city,true
34041816_1_4749054164534706977.csv~Col1,http://www.w3.org/2000/01/rdf-schema#label,true
28079336_1_3124145965038277571.csv~Col6,http://dbpedia.org/ontology/assets,true
28079336_1_3124145965038277571.csv~Col1,http://www.w3.org/2000/01/rdf-schema#label,true
28079336_1_3124145965038277571.csv~Col3,http://dbpedia.org/ontology/industry,true
28079336_1_3124145965038277571.csv~Col2,http://dbpedia.org/ontology/country,true
28079336_1_3124145965038277571.csv~Col4,http://dbpedia.org/ontology/sales,true
18422942_0_3659164506677528063.csv~Col1,http://dbpedia.org/ontology/artist,true
18422942_0_3659164506677528063.csv~Col0,http://www.w3.org/2000/01/rdf-schema#label,true
18422942_0_3659164506677528063.csv~Col2,http://dbpedia.org/ontology/genre,true
29857217_0_961038783966485949.csv~Col0,http://www.w3.org/2000/01/rdf-schema#label,true
51741865_0_9203644246202164492.csv~Col1,http://www.w3.org/2000/01/rdf-schema#label,true
51741865_0_9203644246202164492.csv~Col0,http://dbpedia.org/ontology/frequency,true
51741865_0_9203644246202164492.csv~Col2,http://dbpedia.org/ontology/programmeFormat,true
19073331_0_2742992342272078110.csv~Col0,http://www.w3.org/2000/01/rdf-schema#label,true
29886325_0_1448173912684571475.csv~Col4,http://dbpedia.org/ontology/populationMetro,true
29886325_0_1448173912684571475.csv~Col5,http://dbpedia.org/ontology/mayor,true
29886325_0_1448173912684571475.csv~Col3,http://dbpedia.org/ontology/populationTotal,true
29886325_0_1448173912684571475.csv~Col2,http://dbpedia.org/ontology/country,true
29886325_0_1448173912684571475.csv~Col1,http://www.w3.org/2000/01/rdf-schema#label,true
52572391_0_8684896999787304275.csv~Col1,http://dbpedia.org/ontology/industry,true
52572391_0_8684896999787304275.csv~Col0,http://www.w3.org/2000/01/rdf-schema#label,true
11833461_1_3811022039809817402.csv~Col2,http://dbpedia.org/ontology/releaseDate,true
11833461_1_3811022039809817402.csv~Col1,http://dbpedia.org/ontology/publisher,true
11833461_1_3811022039809817402.csv~Col3,http://dbpedia.org/ontology/releaseDate,true
11833461_1_3811022039809817402.csv~Col0,http://www.w3.org/2000/01/rdf-schema#label,true
36039980_4_4283009829602711082.csv~Col2,http://dbpedia.org/ontology/elevation,true
36039980_4_4283009829602711082.csv~Col1,http://www.w3.org/2000/01/rdf-schema#label,true
28036255_0_5705563063166785494.csv~Col0,http://www.w3.org/2000/01/rdf-schema#label,true
28036255_0_5705563063166785494.csv~Col1,http://dbpedia.org/ontology/elevation,true
21585935_0_294037497010176843.csv~Col0,http://dbpedia.org/ontology/iataLocationIdentifier,true
21585935_0_294037497010176843.csv~Col1,http://www.w3.org/2000/01/rdf-schema#label,true
21585935_0_294037497010176843.csv~Col2,http://dbpedia.org/ontology/city,true
9206866_1_8114610355671172497.csv~Col4,http://dbpedia.org/ontology/populationTotal,true
9206866_1_8114610355671172497.csv~Col3,http://dbpedia.org/ontology/giniCoefficient,true
9206866_1_8114610355671172497.csv~Col2,http://dbpedia.org/ontology/income,true
9206866_1_8114610355671172497.csv~Col0,http://www.w3.org/2000/01/rdf-schema#label,true
9206866_1_8114610355671172497.csv~Col1,http://dbpedia.org/ontology/circle,true
69881946_0_1105130426898457358.csv~Col2,http://dbpedia.org/ontology/releaseDate,true
69881946_0_1105130426898457358.csv~Col1,http://www.w3.org/2000/01/rdf-schema#label,true
69881946_0_1105130426898457358.csv~Col3,http://dbpedia.org/ontology/director,true
22987653_0_7774852112768859306.csv~Col1,http://www.w3.org/2000/01/rdf-schema#label,true
39606331_0_1646213676302448706.csv~Col0,http://www.w3.org/2000/01/rdf-schema#label,true
68779923_1_3240042497463101224.csv~Col4,http://dbpedia.org/ontology/governmentType,true
68779923_1_3240042497463101224.csv~Col5,http://dbpedia.org/ontology/language,true
68779923_1_3240042497463101224.csv~Col0,http://www.w3.org/2000/01/rdf-schema#label,true
68779923_1_3240042497463101224.csv~Col3,http://dbpedia.org/ontology/capital,true
68779923_1_3240042497463101224.csv~Col2,http://dbpedia.org/ontology/formerName,true
68779923_1_3240042497463101224.csv~Col1,http://dbpedia.org/ontology/foundingYear,true
48456557_0_3760853481322708783.csv~Col0,http://www.w3.org/2000/01/rdf-schema#label,true
48456557_0_3760853481322708783.csv~Col2,http://dbpedia.org/ontology/class,true
11599512_1_280388135214354946.csv~Col0,http://dbpedia.org/ontology/frenchName,true
11599512_1_280388135214354946.csv~Col2,http://dbpedia.org/ontology/region,true
11599512_1_280388135214354946.csv~Col1,http://www.w3.org/2000/01/rdf-schema#label,true
11599512_1_280388135214354946.csv~Col3,http://dbpedia.org/ontology/capital,true
11599512_1_280388135214354946.csv~Col4,http://dbpedia.org/ontology/timeZone,true
57938705_0_8737506792349461963.csv~Col4,http://dbpedia.org/ontology/genre,true
57938705_0_8737506792349461963.csv~Col3,http://dbpedia.org/ontology/year,true
57938705_0_8737506792349461963.csv~Col2,http://dbpedia.org/ontology/computingPlatform,true
57938705_0_8737506792349461963.csv~Col1,http://www.w3.org/2000/01/rdf-schema#label,true
57938705_0_8737506792349461963.csv~Col5,http://dbpedia.org/ontology/publisher,true
26270372_1_3774607938887520564.csv~Col0,http://www.w3.org/2000/01/rdf-schema#label,true
46646666_0_5802598112171303204.csv~Col0,http://www.w3.org/2000/01/rdf-schema#label,true
46646666_0_5802598112171303204.csv~Col2,http://dbpedia.org/ontology/city,true
46646666_0_5802598112171303204.csv~Col1,http://dbpedia.org/ontology/frequency,true
8286121_0_8471791395229161598.csv~Col0,http://www.w3.org/2000/01/rdf-schema#label,true
8286121_0_8471791395229161598.csv~Col1,http://dbpedia.org/ontology/capital,true
41839679_0_3009344178474568371.csv~Col1,http://www.w3.org/2000/01/rdf-schema#label,true
28079336_2_2139598421036200532.csv~Col3,http://dbpedia.org/ontology/industry,true
28079336_2_2139598421036200532.csv~Col1,http://www.w3.org/2000/01/rdf-schema#label,true
43226272_0_5995103035300388365.csv~Col2,http://dbpedia.org/ontology/location,true
43226272_0_5995103035300388365.csv~Col1,http://www.w3.org/2000/01/rdf-schema#label,true
64092785_0_4696367782987533337.csv~Col1,http://dbpedia.org/ontology/industry,true
64092785_0_4696367782987533337.csv~Col2,http://dbpedia.org/ontology/symbol,true
64092785_0_4696367782987533337.csv~Col0,http://www.w3.org/2000/01/rdf-schema#label,true
4501311_8_8306082458935575308.csv~Col1,http://www.w3.org/2000/01/rdf-schema#label,true
4501311_8_8306082458935575308.csv~Col3,http://dbpedia.org/ontology/publisher,true
4501311_8_8306082458935575308.csv~Col2,http://dbpedia.org/ontology/category,true
53989675_0_8697482470743954630.csv~Col0,http://www.w3.org/2000/01/rdf-schema#label,true
11278409_0_3742771475298785475.csv~Col2,http://dbpedia.org/ontology/industry,true
11278409_0_3742771475298785475.csv~Col1,http://www.w3.org/2000/01/rdf-schema#label,true
29414811_2_4773219892816395776.csv~Col2,http://dbpedia.org/ontology/genre,true
29414811_2_4773219892816395776.csv~Col1,http://www.w3.org/2000/01/rdf-schema#label,true
29414811_2_4773219892816395776.csv~Col4,http://dbpedia.org/ontology/developer,true
29414811_2_4773219892816395776.csv~Col0,http://dbpedia.org/ontology/year,true
29414811_2_4773219892816395776.csv~Col3,http://dbpedia.org/ontology/computingPlatform,true
76275868_0_4528346580716713695.csv~Col1,http://dbpedia.org/ontology/populationTotal,true
76275868_0_4528346580716713695.csv~Col2,http://dbpedia.org/ontology/lifeExpectancy,true
76275868_0_4528346580716713695.csv~Col0,http://www.w3.org/2000/01/rdf-schema#label,true
76275868_0_4528346580716713695.csv~Col6,http://dbpedia.org/ontology/perCapitaIncome,true
84575189_0_6365692015941409487.csv~Col2,http://www.w3.org/2000/01/rdf-schema#label,true
47709681_0_4437772923903322343.csv~Col3,http://dbpedia.org/ontology/releaseDate,true
47709681_0_4437772923903322343.csv~Col1,http://dbpedia.org/ontology/genre,true
47709681_0_4437772923903322343.csv~Col0,http://www.w3.org/2000/01/rdf-schema#label,true
64207896_0_3206705146602325658.csv~Col0,http://www.w3.org/2000/01/rdf-schema#label,true
25404227_0_2240631045609013057.csv~Col3,http://dbpedia.org/ontology/director,true
25404227_0_2240631045609013057.csv~Col2,http://dbpedia.org/ontology/releaseDate,true
25404227_0_2240631045609013057.csv~Col1,http://www.w3.org/2000/01/rdf-schema#label,true
73242003_5_4847571983313033360.csv~Col3,http://dbpedia.org/ontology/publisher,true
73242003_5_4847571983313033360.csv~Col2,http://dbpedia.org/ontology/category,true
73242003_5_4847571983313033360.csv~Col1,http://www.w3.org/2000/01/rdf-schema#label,true
9834884_0_3871985887467090123.csv~Col2,http://dbpedia.org/ontology/location,true
9834884_0_3871985887467090123.csv~Col1,http://www.w3.org/2000/01/rdf-schema#label,true
75154185_0_1607627349983289012.csv~Col5,http://dbpedia.org/ontology/mayor,true
75154185_0_1607627349983289012.csv~Col3,http://dbpedia.org/ontology/populationTotal,true
75154185_0_1607627349983289012.csv~Col2,http://dbpedia.org/ontology/country,true
75154185_0_1607627349983289012.csv~Col4,http://dbpedia.org/ontology/populationMetro,true
75154185_0_1607627349983289012.csv~Col1,http://www.w3.org/2000/01/rdf-schema#label,true
63450419_0_8012592961815711786.csv~Col2,http://dbpedia.org/ontology/commonName,true
63450419_0_8012592961815711786.csv~Col1,http://www.w3.org/2000/01/rdf-schema#label,true
54112392_0_160015365721559357.csv~Col1,http://dbpedia.org/ontology/location,true
54112392_0_160015365721559357.csv~Col0,http://www.w3.org/2000/01/rdf-schema#label,true
32460905_0_5195150472060854231.csv~Col0,http://www.w3.org/2000/01/rdf-schema#label,true
33242247_1_7232384061498591611.csv~Col0,http://www.w3.org/2000/01/rdf-schema#label,true
11688006_0_8123036130090004213.csv~Col4,http://dbpedia.org/ontology/PopulatedPlace/populationDensity,true
11688006_0_8123036130090004213.csv~Col3,http://dbpedia.org/ontology/PopulatedPlace/area,true
11688006_0_8123036130090004213.csv~Col1,http://www.w3.org/2000/01/rdf-schema#label,true
11688006_0_8123036130090004213.csv~Col2,http://dbpedia.org/ontology/populationTotal,true
22864497_0_8632623712684511496.csv~Col6,http://dbpedia.org/ontology/Software/fileSize,true
22864497_0_8632623712684511496.csv~Col3,http://dbpedia.org/ontology/releaseDate,true
22864497_0_8632623712684511496.csv~Col2,http://dbpedia.org/ontology/releaseDate,true
22864497_0_8632623712684511496.csv~Col5,http://dbpedia.org/ontology/cost,true
22864497_0_8632623712684511496.csv~Col0,http://www.w3.org/2000/01/rdf-schema#label,true
22864497_0_8632623712684511496.csv~Col1,http://dbpedia.org/ontology/publisher,true
22864497_0_8632623712684511496.csv~Col4,http://dbpedia.org/ontology/releaseDate,true
53822652_0_5767892317858575530.csv~Col3,http://dbpedia.org/ontology/director,true
53822652_0_5767892317858575530.csv~Col1,http://www.w3.org/2000/01/rdf-schema#label,true
53822652_0_5767892317858575530.csv~Col2,http://dbpedia.org/ontology/releaseDate,true
98312357_0_6395417306876145729.csv~Col0,http://www.w3.org/2000/01/rdf-schema#label,true
98312357_0_6395417306876145729.csv~Col4,http://dbpedia.org/ontology/spouse,true
55961337_0_6548713781034932742.csv~Col1,http://dbpedia.org/ontology/currency,true
55961337_0_6548713781034932742.csv~Col5,http://dbpedia.org/ontology/subdivision,true
55961337_0_6548713781034932742.csv~Col2,http://dbpedia.org/ontology/currencyCode,true
55961337_0_6548713781034932742.csv~Col0,http://www.w3.org/2000/01/rdf-schema#label,true
29414811_6_8221428333921653560.csv~Col3,http://dbpedia.org/ontology/computingPlatform,true
29414811_6_8221428333921653560.csv~Col2,http://dbpedia.org/ontology/genre,true
29414811_6_8221428333921653560.csv~Col0,http://dbpedia.org/ontology/year,true
29414811_6_8221428333921653560.csv~Col4,http://dbpedia.org/ontology/developer,true
29414811_6_8221428333921653560.csv~Col1,http://www.w3.org/2000/01/rdf-schema#label,true
37856682_0_6818907050314633217.csv~Col0,http://www.w3.org/2000/01/rdf-schema#label,true
26310680_0_5150772059999313798.csv~Col1,http://dbpedia.org/ontology/currency,true
26310680_0_5150772059999313798.csv~Col3,http://dbpedia.org/ontology/code,true
26310680_0_5150772059999313798.csv~Col0,http://www.w3.org/2000/01/rdf-schema#label,true
26310680_0_5150772059999313798.csv~Col2,http://dbpedia.org/ontology/currencyCode,true
29414811_12_251152470253168163.csv~Col2,http://dbpedia.org/ontology/genre,true
29414811_12_251152470253168163.csv~Col0,http://dbpedia.org/ontology/year,true
29414811_12_251152470253168163.csv~Col1,http://www.w3.org/2000/01/rdf-schema#label,true
29414811_12_251152470253168163.csv~Col3,http://dbpedia.org/ontology/computingPlatform,true
29414811_12_251152470253168163.csv~Col4,http://dbpedia.org/ontology/developer,true
49772588_0_6549847739640234347.csv~Col3,http://dbpedia.org/ontology/catholicPercentage,true
49772588_0_6549847739640234347.csv~Col5,http://dbpedia.org/ontology/diocese,true
49772588_0_6549847739640234347.csv~Col2,http://dbpedia.org/ontology/populationTotal,true
49772588_0_6549847739640234347.csv~Col4,http://www.w3.org/2000/01/rdf-schema#label,true
1146722_1_7558140036342906956.csv~Col0,http://www.w3.org/2000/01/rdf-schema#label,true
1146722_1_7558140036342906956.csv~Col6,http://dbpedia.org/ontology/elevation,true
66009064_0_9148652238372261251.csv~Col2,http://dbpedia.org/ontology/team,true
66009064_0_9148652238372261251.csv~Col0,http://www.w3.org/2000/01/rdf-schema#label,true
32812626_0_5428724146873158593.csv~Col1,http://dbpedia.org/ontology/circle,true
32812626_0_5428724146873158593.csv~Col2,http://dbpedia.org/ontology/bedCount,true
32812626_0_5428724146873158593.csv~Col0,http://www.w3.org/2000/01/rdf-schema#label,true
98458255_0_5873264818593370400.csv~Col0,http://www.w3.org/2000/01/rdf-schema#label,true
98458255_0_5873264818593370400.csv~Col5,http://dbpedia.org/ontology/publisher,true
55004961_0_2904467548072189860.csv~Col0,http://www.w3.org/2000/01/rdf-schema#label,true
55004961_0_2904467548072189860.csv~Col1,http://dbpedia.org/ontology/capital,true
38390205_1_8150763005563658139.csv~Col1,http://dbpedia.org/ontology/location,true
38390205_1_8150763005563658139.csv~Col2,http://www.w3.org/2000/01/rdf-schema#label,true
69537082_0_7789694313271016902.csv~Col2,http://dbpedia.org/ontology/populationTotal,true
69537082_0_7789694313271016902.csv~Col1,http://www.w3.org/2000/01/rdf-schema#label,true
93702496_0_39013305210829591.csv~Col2,http://dbpedia.org/ontology/industry,true
93702496_0_39013305210829591.csv~Col4,http://dbpedia.org/ontology/revenue,true
93702496_0_39013305210829591.csv~Col1,http://www.w3.org/2000/01/rdf-schema#label,true
93702496_0_39013305210829591.csv~Col5,http://dbpedia.org/ontology/revenue,true
93702496_0_39013305210829591.csv~Col3,http://dbpedia.org/ontology/founder,true
78891639_0_3299957631631122948.csv~Col3,http://dbpedia.org/ontology/populationTotal,true
78891639_0_3299957631631122948.csv~Col4,http://dbpedia.org/ontology/populationMetro,true
78891639_0_3299957631631122948.csv~Col2,http://dbpedia.org/ontology/country,true
78891639_0_3299957631631122948.csv~Col5,http://dbpedia.org/ontology/mayor,true
78891639_0_3299957631631122948.csv~Col1,http://www.w3.org/2000/01/rdf-schema#label,true
60319454_0_3938426910282115527.csv~Col1,http://dbpedia.org/ontology/otherName,true
60319454_0_3938426910282115527.csv~Col2,http://dbpedia.org/ontology/otherName,true
60319454_0_3938426910282115527.csv~Col0,http://www.w3.org/2000/01/rdf-schema#label,true
16767252_0_2409448375013995751.csv~Col3,http://dbpedia.org/ontology/director,true
16767252_0_2409448375013995751.csv~Col2,http://dbpedia.org/ontology/releaseDate,true
16767252_0_2409448375013995751.csv~Col1,http://www.w3.org/2000/01/rdf-schema#label,true
61626303_0_266372209664087642.csv~Col1,http://www.w3.org/2000/01/rdf-schema#label,true
42764224_0_515744189130384109.csv~Col0,http://www.w3.org/2000/01/rdf-schema#label,true
84548468_0_5955155464119382182.csv~Col1,http://www.w3.org/2000/01/rdf-schema#label,true
84548468_0_5955155464119382182.csv~Col2,http://dbpedia.org/ontology/releaseDate,true
84548468_0_5955155464119382182.csv~Col3,http://dbpedia.org/ontology/director,true
41194422_0_7231546114369966811.csv~Col2,http://dbpedia.org/ontology/populationTotal,true
41194422_0_7231546114369966811.csv~Col1,http://www.w3.org/2000/01/rdf-schema#label,true
68779923_2_1000046510804975562.csv~Col4,http://dbpedia.org/ontology/governmentType,true
68779923_2_1000046510804975562.csv~Col1,http://dbpedia.org/ontology/foundingYear,true
68779923_2_1000046510804975562.csv~Col0,http://www.w3.org/2000/01/rdf-schema#label,true
68779923_2_1000046510804975562.csv~Col3,http://dbpedia.org/ontology/capital,true
68779923_2_1000046510804975562.csv~Col2,http://dbpedia.org/ontology/formerName,true
68779923_2_1000046510804975562.csv~Col5,http://dbpedia.org/ontology/language,true
13719111_1_5719401842463579519.csv~Col0,http://www.w3.org/2000/01/rdf-schema#label,true
13719111_1_5719401842463579519.csv~Col1,http://dbpedia.org/ontology/synonym,true
80588006_0_6965325215443683359.csv~Col1,http://www.w3.org/2000/01/rdf-schema#label,true
98929678_0_3700213490979945526.csv~Col0,http://www.w3.org/2000/01/rdf-schema#label,true
98929678_0_3700213490979945526.csv~Col2,http://dbpedia.org/ontology/country,true
98929678_0_3700213490979945526.csv~Col1,http://dbpedia.org/ontology/location,true
14380604_4_3329235705746762392.csv~Col4,http://dbpedia.org/ontology/revenue,true
14380604_4_3329235705746762392.csv~Col2,http://dbpedia.org/ontology/headquarter,true
14380604_4_3329235705746762392.csv~Col3,http://dbpedia.org/ontology/industry,true
14380604_4_3329235705746762392.csv~Col1,http://www.w3.org/2000/01/rdf-schema#label,true
14380604_4_3329235705746762392.csv~Col6,http://dbpedia.org/ontology/assets,true
29412826_0_3422707769191426540.csv~Col0,http://www.w3.org/2000/01/rdf-schema#label,true
29412826_0_3422707769191426540.csv~Col1,http://dbpedia.org/ontology/location,true
29412826_0_3422707769191426540.csv~Col2,http://dbpedia.org/ontology/location,true
43469354_0_6029017163991310319.csv~Col3,http://dbpedia.org/ontology/populationTotal,true
43469354_0_6029017163991310319.csv~Col5,http://dbpedia.org/ontology/mayor,true
43469354_0_6029017163991310319.csv~Col1,http://www.w3.org/2000/01/rdf-schema#label,true
43469354_0_6029017163991310319.csv~Col2,http://dbpedia.org/ontology/country,true
43469354_0_6029017163991310319.csv~Col4,http://dbpedia.org/ontology/populationMetro,true
86747932_0_7532457067740920052.csv~Col0,http://dbpedia.org/ontology/iataAirlineCode,true
86747932_0_7532457067740920052.csv~Col1,http://www.w3.org/2000/01/rdf-schema#label,true
39650055_5_7135804139753401681.csv~Col3,http://dbpedia.org/ontology/industry,true
39650055_5_7135804139753401681.csv~Col1,http://www.w3.org/2000/01/rdf-schema#label,true
74685423_0_8061289760697103949.csv~Col0,http://www.w3.org/2000/01/rdf-schema#label,true
74685423_0_8061289760697103949.csv~Col1,http://dbpedia.org/ontology/genus,true
74685423_0_8061289760697103949.csv~Col3,http://dbpedia.org/ontology/conservationStatus,true
12746760_0_6703465836620308483.csv~Col0,http://www.w3.org/2000/01/rdf-schema#label,true
10151359_0_8168779773862259178.csv~Col0,http://www.w3.org/2000/01/rdf-schema#label,true
10151359_0_8168779773862259178.csv~Col1,http://dbpedia.org/ontology/author,true
88353875_0_4876234304797064286.csv~Col0,http://www.w3.org/2000/01/rdf-schema#label,true
88353875_0_4876234304797064286.csv~Col3,http://dbpedia.org/ontology/mountainRange,true
51130304_0_3035822254995425429.csv~Col0,http://www.w3.org/2000/01/rdf-schema#label,true
49801939_0_6964113429298874283.csv~Col3,http://dbpedia.org/ontology/firstAscentYear,true
49801939_0_6964113429298874283.csv~Col2,http://dbpedia.org/ontology/mountainRange,true
49801939_0_6964113429298874283.csv~Col0,http://www.w3.org/2000/01/rdf-schema#label,true
48944826_0_2321751364268052533.csv~Col7,http://dbpedia.org/ontology/computingPlatform,true
48944826_0_2321751364268052533.csv~Col2,http://www.w3.org/2000/01/rdf-schema#label,true
48944826_0_2321751364268052533.csv~Col3,http://dbpedia.org/ontology/genre,true
48944826_0_2321751364268052533.csv~Col4,http://dbpedia.org/ontology/usk,true
88732174_0_7321365014357502211.csv~Col3,http://dbpedia.org/ontology/team,true
88732174_0_7321365014357502211.csv~Col1,http://www.w3.org/2000/01/rdf-schema#label,true
41194422_1_1172256090552737974.csv~Col1,http://www.w3.org/2000/01/rdf-schema#label,true
41194422_1_1172256090552737974.csv~Col2,http://dbpedia.org/ontology/populationTotal,true
40534006_0_4617468856744635526.csv~Col1,http://www.w3.org/2000/01/rdf-schema#label,true
52299421_0_4473286348258170200.csv~Col4,http://dbpedia.org/ontology/grossDomesticProduct,true
52299421_0_4473286348258170200.csv~Col6,http://dbpedia.org/ontology/populationTotal,true
52299421_0_4473286348258170200.csv~Col1,http://www.w3.org/2000/01/rdf-schema#label,true
52299421_0_4473286348258170200.csv~Col8,http://dbpedia.org/ontology/infantMortality,true
52299421_0_4473286348258170200.csv~Col2,http://dbpedia.org/ontology/grossDomesticProduct,true
90196673_0_5458330029110291950.csv~Col0,http://www.w3.org/2000/01/rdf-schema#label,true
90593344_0_8311455501234425088.csv~Col1,http://www.w3.org/2000/01/rdf-schema#label,true
90593344_0_8311455501234425088.csv~Col2,http://dbpedia.org/ontology/elevation,true
28423212_0_2742990779532526553.csv~Col2,http://dbpedia.org/ontology/sales,true
28423212_0_2742990779532526553.csv~Col1,http://dbpedia.org/ontology/industry,true
28423212_0_2742990779532526553.csv~Col0,http://www.w3.org/2000/01/rdf-schema#label,true
2066887_0_746204117268168398.csv~Col4,http://dbpedia.org/ontology/deathYear,true
2066887_0_746204117268168398.csv~Col0,http://www.w3.org/2000/01/rdf-schema#label,true
24142265_0_4577466141408796359.csv~Col5,http://www.w3.org/2000/01/rdf-schema#label,true
24142265_0_4577466141408796359.csv~Col4,http://dbpedia.org/ontology/computingPlatform,true
16949304_0_2573050770332101882.csv~Col0,http://www.w3.org/2000/01/rdf-schema#label,true
24036779_0_5608105867560183058.csv~Col5,http://dbpedia.org/ontology/governmentType,true
24036779_0_5608105867560183058.csv~Col2,http://dbpedia.org/ontology/grossDomesticProduct,true
24036779_0_5608105867560183058.csv~Col0,http://www.w3.org/2000/01/rdf-schema#label,true
24036779_0_5608105867560183058.csv~Col3,http://dbpedia.org/ontology/grossDomesticProduct,true
24036779_0_5608105867560183058.csv~Col1,http://dbpedia.org/ontology/PopulatedPlace/area,true
24036779_0_5608105867560183058.csv~Col4,http://dbpedia.org/ontology/populationTotal,true
76836443_2_249332777049648171.csv~Col0,http://www.w3.org/2000/01/rdf-schema#label,true
54773498_0_4341462266113591159.csv~Col0,http://www.w3.org/2000/01/rdf-schema#label,true
54773498_0_4341462266113591159.csv~Col4,http://dbpedia.org/ontology/elevation,true
54773498_0_4341462266113591159.csv~Col3,http://dbpedia.org/ontology/elevation,true
54773498_0_4341462266113591159.csv~Col2,http://dbpedia.org/ontology/location,true
54773498_0_4341462266113591159.csv~Col1,http://dbpedia.org/ontology/location,true
37815699_0_8391788584341609964.csv~Col1,http://www.w3.org/2000/01/rdf-schema#label,true
32051842_5_1757891723986774036.csv~Col1,http://www.w3.org/2000/01/rdf-schema#label,true
32051842_5_1757891723986774036.csv~Col2,http://dbpedia.org/ontology/location,true
12151277_0_1262954734066545952.csv~Col1,http://www.w3.org/2000/01/rdf-schema#label,true
9567241_0_5666388268510912770.csv~Col1,http://www.w3.org/2000/01/rdf-schema#label,true
64499281_8_7181683886563136802.csv~Col2,http://dbpedia.org/ontology/location,true
64499281_8_7181683886563136802.csv~Col1,http://www.w3.org/2000/01/rdf-schema#label,true
50270082_0_444360818941411589.csv~Col2,http://dbpedia.org/ontology/statisticValue,true
50270082_0_444360818941411589.csv~Col1,http://www.w3.org/2000/01/rdf-schema#label,true
41480166_0_6681239260286218499.csv~Col0,http://www.w3.org/2000/01/rdf-schema#label,true
28086084_0_3127660530989916727.csv~Col0,http://www.w3.org/2000/01/rdf-schema#label,true
77694908_0_6083291340991074532.csv~Col3,http://dbpedia.org/ontology/director,true
77694908_0_6083291340991074532.csv~Col1,http://www.w3.org/2000/01/rdf-schema#label,true
77694908_0_6083291340991074532.csv~Col2,http://dbpedia.org/ontology/releaseDate,true
4444204_0_951426790527152756.csv~Col1,http://www.w3.org/2000/01/rdf-schema#label,true
4444204_0_951426790527152756.csv~Col3,http://dbpedia.org/ontology/populationTotal,true
4444204_0_951426790527152756.csv~Col4,http://dbpedia.org/ontology/populationMetro,true
4444204_0_951426790527152756.csv~Col5,http://dbpedia.org/ontology/mayor,true
4444204_0_951426790527152756.csv~Col2,http://dbpedia.org/ontology/country,true
45533669_1_7463037039059239824.csv~Col2,http://dbpedia.org/ontology/broadcastArea,true
45533669_1_7463037039059239824.csv~Col0,http://www.w3.org/2000/01/rdf-schema#label,true
45533669_1_7463037039059239824.csv~Col1,http://dbpedia.org/ontology/owner,true
92896255_0_4593968708343548527.csv~Col0,http://www.w3.org/2000/01/rdf-schema#label,true
96203994_0_2127964719640427252.csv~Col1,http://dbpedia.org/ontology/symbol,true
96203994_0_2127964719640427252.csv~Col0,http://www.w3.org/2000/01/rdf-schema#label,true
96203994_0_2127964719640427252.csv~Col2,http://dbpedia.org/ontology/industry,true
24859353_0_7027810986004269522.csv~Col1,http://www.w3.org/2000/01/rdf-schema#label,true
24859353_0_7027810986004269522.csv~Col2,http://dbpedia.org/ontology/currencyCode,true
24859353_0_7027810986004269522.csv~Col3,http://dbpedia.org/ontology/currency,true
38732532_0_1420803645394505878.csv~Col0,http://www.w3.org/2000/01/rdf-schema#label,true
10630177_0_4831842476649004753.csv~Col2,http://www.w3.org/2000/01/rdf-schema#label,true
10630177_0_4831842476649004753.csv~Col4,http://dbpedia.org/ontology/floorCount,true
10630177_0_4831842476649004753.csv~Col3,http://dbpedia.org/ontology/location,true
10630177_0_4831842476649004753.csv~Col6,http://dbpedia.org/ontology/openingDate,true
3962429_0_3452614694863053249.csv~Col1,http://www.w3.org/2000/01/rdf-schema#label,true
3962429_0_3452614694863053249.csv~Col2,http://dbpedia.org/ontology/address,true
89511064_0_2199624509082573904.csv~Col6,http://dbpedia.org/ontology/iso31661Code,true
89511064_0_2199624509082573904.csv~Col7,http://dbpedia.org/ontology/isoCode,true
89511064_0_2199624509082573904.csv~Col0,http://dbpedia.org/ontology/continent,true
89511064_0_2199624509082573904.csv~Col2,http://www.w3.org/2000/01/rdf-schema#label,true
89511064_0_2199624509082573904.csv~Col3,http://dbpedia.org/ontology/capital,true
89511064_0_2199624509082573904.csv~Col8,http://dbpedia.org/ontology/topLevelDomain,true
89511064_0_2199624509082573904.csv~Col4,http://dbpedia.org/ontology/fipsCode,true
89511064_0_2199624509082573904.csv~Col5,http://dbpedia.org/ontology/iso31661Code,true
89511064_0_2199624509082573904.csv~Col1,http://dbpedia.org/ontology/circle,true
70883081_0_5357790421435123524.csv~Col0,http://www.w3.org/2000/01/rdf-schema#label,true
29021592_4_4348860179678308511.csv~Col0,http://www.w3.org/2000/01/rdf-schema#label,true
14067031_0_559833072073397908.csv~Col3,http://dbpedia.org/ontology/date,true
14067031_0_559833072073397908.csv~Col1,http://dbpedia.org/ontology/officialLanguage,true
14067031_0_559833072073397908.csv~Col7,http://dbpedia.org/ontology/currency,true
14067031_0_559833072073397908.csv~Col0,http://www.w3.org/2000/01/rdf-schema#label,true
14067031_0_559833072073397908.csv~Col5,http://dbpedia.org/ontology/capital,true
13395751_3_369722706637560735.csv~Col3,http://dbpedia.org/ontology/elevation,true
13395751_3_369722706637560735.csv~Col0,http://www.w3.org/2000/01/rdf-schema#label,true
13395751_3_369722706637560735.csv~Col2,http://dbpedia.org/ontology/areaTotal,true
67865873_0_8259587610208037357.csv~Col2,http://dbpedia.org/ontology/populationTotal,true
67865873_0_8259587610208037357.csv~Col1,http://www.w3.org/2000/01/rdf-schema#label,true
9475172_1_1023126399856690702.csv~Col1,http://www.w3.org/2000/01/rdf-schema#label,true
19654359_0_3020273135042459469.csv~Col1,http://www.w3.org/2000/01/rdf-schema#label,true
19654359_0_3020273135042459469.csv~Col2,http://dbpedia.org/ontology/city,true
19654359_0_3020273135042459469.csv~Col0,http://dbpedia.org/ontology/iataLocationIdentifier,true
76373906_0_6904594838446307331.csv~Col0,http://www.w3.org/2000/01/rdf-schema#label,true
56224555_0_3713922722778385817.csv~Col3,http://dbpedia.org/ontology/industry,true
56224555_0_3713922722778385817.csv~Col6,http://dbpedia.org/ontology/assets,true
56224555_0_3713922722778385817.csv~Col4,http://dbpedia.org/ontology/sales,true
56224555_0_3713922722778385817.csv~Col2,http://dbpedia.org/ontology/country,true
56224555_0_3713922722778385817.csv~Col1,http://www.w3.org/2000/01/rdf-schema#label,true
25933880_0_4058554985574416690.csv~Col0,http://www.w3.org/2000/01/rdf-schema#label,true
25933880_0_4058554985574416690.csv~Col2,http://dbpedia.org/ontology/Person/weight,true
25933880_0_4058554985574416690.csv~Col1,http://dbpedia.org/ontology/Person/height,true
19361188_0_1640726405141876003.csv~Col0,http://www.w3.org/2000/01/rdf-schema#label,true
19361188_0_1640726405141876003.csv~Col1,http://dbpedia.org/ontology/elevation,true
13357355_0_5384862281417742530.csv~Col1,http://dbpedia.org/ontology/portrayer,true
13357355_0_5384862281417742530.csv~Col0,http://www.w3.org/2000/01/rdf-schema#label,true
75367212_2_2745466355267233390.csv~Col0,http://www.w3.org/2000/01/rdf-schema#label,true
75367212_2_2745466355267233390.csv~Col1,http://dbpedia.org/ontology/developer,true
75367212_2_2745466355267233390.csv~Col2,http://dbpedia.org/ontology/publisher,true
75367212_2_2745466355267233390.csv~Col3,http://dbpedia.org/ontology/releaseDate,true
5873256_0_7795190905731964989.csv~Col0,http://dbpedia.org/ontology/iataAirlineCode,true
5873256_0_7795190905731964989.csv~Col1,http://www.w3.org/2000/01/rdf-schema#label,true
7929299_0_3253718003116029649.csv~Col1,http://www.w3.org/2000/01/rdf-schema#label,true
7929299_0_3253718003116029649.csv~Col2,http://dbpedia.org/ontology/city,true
7929299_0_3253718003116029649.csv~Col0,http://dbpedia.org/ontology/iataLocationIdentifier,true
55027702_0_628532586316851176.csv~Col0,http://www.w3.org/2000/01/rdf-schema#label,true
55027702_0_628532586316851176.csv~Col2,http://dbpedia.org/ontology/elevation,true
21801207_0_8144839668470123042.csv~Col6,http://dbpedia.org/ontology/developer,true
21801207_0_8144839668470123042.csv~Col7,http://dbpedia.org/ontology/developer,true
21801207_0_8144839668470123042.csv~Col8,http://dbpedia.org/ontology/publisher,true
21801207_0_8144839668470123042.csv~Col5,http://www.w3.org/2000/01/rdf-schema#label,true
39107734_2_2329160387535788734.csv~Col1,http://www.w3.org/2000/01/rdf-schema#label,true
39107734_2_2329160387535788734.csv~Col3,http://dbpedia.org/ontology/iataLocationIdentifier,true
39107734_2_2329160387535788734.csv~Col2,http://dbpedia.org/ontology/city,true
86627271_6_2239821927452848323.csv~Col3,http://dbpedia.org/ontology/elevation,true
86627271_6_2239821927452848323.csv~Col0,http://www.w3.org/2000/01/rdf-schema#label,true
86627271_6_2239821927452848323.csv~Col2,http://dbpedia.org/ontology/areaTotal,true
28646774_0_3256889721737611537.csv~Col0,http://www.w3.org/2000/01/rdf-schema#label,true
50245608_0_871275842592178099.csv~Col4,http://dbpedia.org/ontology/writer,true
50245608_0_871275842592178099.csv~Col0,http://www.w3.org/2000/01/rdf-schema#label,true
50245608_0_871275842592178099.csv~Col1,http://dbpedia.org/ontology/releaseDate,true
50245608_0_871275842592178099.csv~Col5,http://dbpedia.org/ontology/duration,true
50245608_0_871275842592178099.csv~Col3,http://dbpedia.org/ontology/director,true
24417511_0_3058323105166963431.csv~Col1,http://www.w3.org/2000/01/rdf-schema#label,true
70404164_0_5498195978476333642.csv~Col4,http://dbpedia.org/ontology/populationMetro,true
70404164_0_5498195978476333642.csv~Col2,http://dbpedia.org/ontology/country,true
70404164_0_5498195978476333642.csv~Col3,http://dbpedia.org/ontology/populationTotal,true
70404164_0_5498195978476333642.csv~Col1,http://www.w3.org/2000/01/rdf-schema#label,true
70404164_0_5498195978476333642.csv~Col5,http://dbpedia.org/ontology/mayor,true
12125836_0_1134348206297032434.csv~Col1,http://www.w3.org/2000/01/rdf-schema#label,true
12125836_0_1134348206297032434.csv~Col2,http://dbpedia.org/ontology/programmeFormat,true
19272019_0_1508498249156534553.csv~Col2,http://dbpedia.org/ontology/type,true
19272019_0_1508498249156534553.csv~Col1,http://dbpedia.org/ontology/city,true
19272019_0_1508498249156534553.csv~Col0,http://www.w3.org/2000/01/rdf-schema#label,true
72017594_0_7055198579167316152.csv~Col2,http://dbpedia.org/ontology/numberOfVisitors,true
72017594_0_7055198579167316152.csv~Col3,http://dbpedia.org/ontology/numberOfVisitors,true
72017594_0_7055198579167316152.csv~Col0,http://www.w3.org/2000/01/rdf-schema#label,true
64734047_0_5880705307495695536.csv~Col1,http://dbpedia.org/ontology/country,true
64734047_0_5880705307495695536.csv~Col0,http://www.w3.org/2000/01/rdf-schema#label,true
62564020_0_3836030043284699244.csv~Col0,http://www.w3.org/2000/01/rdf-schema#label,true
62564020_0_3836030043284699244.csv~Col5,http://dbpedia.org/ontology/family,true
62564020_0_3836030043284699244.csv~Col4,http://dbpedia.org/ontology/class,true
62564020_0_3836030043284699244.csv~Col3,http://dbpedia.org/ontology/child,true
74491133_0_7177831100884797849.csv~Col2,http://dbpedia.org/ontology/capitalCoordinates,true
74491133_0_7177831100884797849.csv~Col1,http://dbpedia.org/ontology/capital,true
74491133_0_7177831100884797849.csv~Col0,http://www.w3.org/2000/01/rdf-schema#label,true
74491133_0_7177831100884797849.csv~Col3,http://dbpedia.org/ontology/capitalCoordinates,true